{
  "training_date": "2026-04-08T23:24:05.598076",
  "data_source": "real_world_multi_domain",
  "models_trained": [
    "clustering",
    "prediction"
  ],
  "dataset_size": 8507,
  "domain_distribution": {
    "jobs": 3000,
    "products": 3000,
    "education": 1500,
    "housing": 507,
    "cities": 500
  },
  "random_seed": 42,
  "features": [
    "value_score",
    "quality_score",
    "growth_score",
    "risk_score",
    "fit_score",
    "speed_score"
  ],
  "results": {
    "clustering": {
      "silhouette_score": 0.37114433236610767,
      "n_clusters": 4,
      "cluster_distribution": {
        "0": 3010,
        "1": 2591,
        "2": 1143,
        "3": 1763
      }
    },
    "prediction": {
      "accuracy": 0.9806110458284372,
      "f1_score": 0.9806134085645638,
      "roc_auc": 0.9988580485286229,
      "feature_importance": {
        "value_score": 0.1526569277048111,
        "quality_score": 0.2718110680580139,
        "growth_score": 0.19726938009262085,
        "risk_score": 0.11658542603254318,
        "fit_score": 0.19744165241718292,
        "speed_score": 0.06423547863960266
      }
    }
  }
}